escenario,symbol,nombre,grupo,valor_eur,coste_eur,peso_pct,plusvalia_eur,plusvalia_pct
corto,ATKR,Atkore Inc. Common Stock,equity_us,1355.4599609375,1356.05,3.180000066757202,-0.5899999737739563,-0.03999999910593033
corto,DBK.DE,Deutsche Bank,equity_eu,1364.3,1364.3,3.2,0.0,0.0
corto,GLNK,Grayscale Chainlink Trust ETF,etf,5351.25,5427.2,12.550000190734863,-75.94999694824219,-1.399999976158142
corto,KOD,Kodiak Sciences Inc - Common Stock,equity_us,3900.780029296875,3864.17,9.149999618530273,36.61000061035156,0.949999988079071
corto,NEAR/USD,NEAR/USD,crypto,5814.2001953125,5427.2,13.640000343322754,387.0,7.130000114440918
corto,NTRA,"Natera, Inc. - Common Stock",equity_us,1405.6300048828125,1356.05,3.299999952316284,49.58000183105469,3.6600000858306885
corto,PS,Pershing Square Inc. Common Stock,equity_us,2881.280029296875,2772.56,6.760000228881836,108.72000122070312,3.9200000762939453
corto,QMCO,Quantum Corporation - Common Stock,equity_us,2948.360107421875,2983.54,6.920000076293945,-35.18000030517578,-1.1799999475479126
corto,RSKD,Riskified Ltd. Class A Ordinary Shares,equity_us,1356.77001953125,1356.05,3.180000066757202,0.7200000286102295,0.05000000074505806
corto,SECZ,Securitize Corp. Common Stock,equity_us,4550.1298828125,5219.06,10.680000305175781,-668.9299926757812,-12.819999694824219
corto,SOLT,2x Solana ETF,etf,5380.77001953125,5427.2,12.619999885559082,-46.43000030517578,-0.8600000143051147
corto,· efectivo,sin invertir,,6313.64990234375,,14.8100004196167,,
medio,ABN.AS,ABN AMRO,equity_eu,1180.25,1180.25,2.6,0.0,0.0
medio,ARKG,ARK Genomic Revolution ETF,etf,1260.6800537109375,1198.09,2.7799999713897705,62.59000015258789,5.21999979019165
medio,BOAT,SonicShares Global Shipping ETF,etf,1188.1400146484375,1198.09,2.619999885559082,-9.949999809265137,-0.8299999833106995
medio,CBZ,"CBIZ, Inc. Common Stock",equity_us,2146.56005859375,2145.42,4.730000019073486,1.1399999856948853,0.05000000074505806
medio,CDNA,"CareDx, Inc. - Common Stock",equity_us,4306.9599609375,3092.72,9.5,1214.239990234375,39.2599983215332
medio,HBB,Hamilton Beach Brands Holding Company Class ,equity_us,2060.139892578125,2142.75,4.539999961853027,-82.61000061035156,-3.859999895095825
medio,HZO,"MarineMax, Inc.  (FL) Common Stock",equity_us,1949.47998046875,1888.41,4.300000190734863,61.06999969482422,3.2300000190734863
medio,MSBT,Common Units of Beneficial Interest of Morga,etf,1193.72998046875,1198.09,2.630000114440918,-4.360000133514404,-0.36000001430511475
medio,PFIX,Simplify Interest Rate Hedge ETF,etf,1231.8299560546875,1198.09,2.7200000286102295,33.7400016784668,2.819999933242798
medio,PGEN,"Precigen, Inc. - Common Stock",equity_us,2862.93994140625,3150.12,6.309999942779541,-287.17999267578125,-9.119999885559082
medio,PUMP/USD,PUMP/USD,crypto,4729.77978515625,4795.35,10.430000305175781,-65.56999969482422,-1.3700000047683716
medio,QMCO,Quantum Corporation - Common Stock,equity_us,4513.22998046875,4567.08,9.949999809265137,-53.849998474121094,-1.1799999475479126
medio,RCEL,"Avita Medical, Inc. - Common Stock",equity_us,4045.669921875,3862.31,8.920000076293945,183.36000061035156,4.75
medio,TWST,Twist Bioscience Corporation - Common Stock,equity_us,1852.75,1749.760009765625,4.090000152587891,102.9800033569336,5.889999866485596
medio,TXG,"10x Genomics, Inc. - Common Stock",equity_us,4722.9599609375,3072.12,10.420000076293945,1650.8399658203125,53.7400016784668
medio,ZEC/USD,ZEC/USD,crypto,6098.89013671875,4723.99,13.449999809265137,1374.9000244140625,29.100000381469727
largo,CDNA,"CareDx, Inc. - Common Stock",equity_us,3165.699951171875,1999.0,6.489999771118164,1166.699951171875,58.36000061035156
largo,CLMT,"Calumet, Inc - Common Stock",equity_us,2134.739990234375,2102.41,4.369999885559082,32.33000183105469,1.5399999618530273
largo,DELL,Dell Technologies Inc. Class C Common Stock ,equity_us,2083.030029296875,2102.41,4.269999980926514,-19.3799991607666,-0.9200000166893005
largo,ECO,Okeanis Eco Tankers Corp. Common Stock,equity_us,2064.260009765625,2102.41,4.230000019073486,-38.150001525878906,-1.809999942779541
largo,GH,"Guardant Health, Inc. - Common Stock",equity_us,2216.5,2102.41,4.539999961853027,114.08999633789062,5.429999828338623
largo,ILMN,"Illumina, Inc. - Common Stock",equity_us,2260.050048828125,2102.41,4.630000114440918,157.63999938964844,7.5
largo,INSW,"International Seaways, Inc. Common Stock ",equity_us,2050.02001953125,2102.41,4.199999809265137,-52.38999938964844,-2.490000009536743
largo,RVMD,"Revolution Medicines, Inc. - Common Stock",equity_us,2091.0400390625,1999.0,4.28000020980835,92.04000091552734,4.599999904632568
largo,TXG,"10x Genomics, Inc. - Common Stock",equity_us,3602.02001953125,1999.0,7.380000114440918,1603.02001953125,80.19000244140625
largo,VLO,Valero Energy Corporation Common Stock,equity_us,2175.219970703125,2102.41,4.460000038146973,72.80999755859375,3.4600000381469727
largo,VVV/USD,VVV/USD,crypto,8015.759765625,8412.65,16.420000076293945,-396.8900146484375,-4.71999979019165
largo,· efectivo,sin invertir,,16956.69921875,,34.7400016784668,,
combinada,ABN.AS,ABN AMRO,equity_eu,1262.62,1262.62,2.55,0.0,0.0
combinada,BIL,BIL,bond,2052.25,1999.0,4.150000095367432,53.25,2.6600000858306885
combinada,CDNA,"CareDx, Inc. - Common Stock",equity_us,2952.929931640625,2829.92,5.96999979019165,123.01000213623047,4.349999904632568
combinada,DBK.DE,Deutsche Bank,equity_eu,1262.62,1262.62,2.55,0.0,0.0
combinada,GLNK,Grayscale Chainlink Trust ETF,etf,4415.35986328125,4478.03,8.930000305175781,-62.66999816894531,-1.399999976158142
combinada,NEAR/USD,NEAR/USD,crypto,5319.27001953125,4965.21,10.760000228881836,354.05999755859375,7.130000114440918
combinada,PFIX,Simplify Interest Rate Hedge ETF,etf,1275.47998046875,1240.55,2.5799999237060547,34.93000030517578,2.819999933242798
combinada,PS,Pershing Square Inc. Common Stock,equity_us,3793.080078125,3649.95,7.670000076293945,143.1300048828125,3.9200000762939453
combinada,PUMP/USD,PUMP/USD,crypto,4897.31982421875,4965.21,9.899999618530273,-67.88999938964844,-1.3700000047683716
combinada,QMCO,Quantum Corporation - Common Stock,equity_us,4435.4599609375,4488.38,8.970000267028809,-52.91999816894531,-1.1799999475479126
combinada,RSKD,Riskified Ltd. Class A Ordinary Shares,equity_us,1581.93994140625,1581.1,3.200000047683716,0.8399999737739563,0.05000000074505806
combinada,SECZ,Securitize Corp. Common Stock,equity_us,1081.550048828125,1240.55,2.190000057220459,-159.0,-12.819999694824219
combinada,SOLT,2x Solana ETF,etf,4922.740234375,4965.21,9.949999809265137,-42.47999954223633,-0.8600000143051147
combinada,TXG,"10x Genomics, Inc. - Common Stock",equity_us,2743.389892578125,2626.35,5.550000190734863,117.04000091552734,4.460000038146973
combinada,· efectivo,sin invertir,,7461.509765625,,15.09000015258789,,
