fecha,escenario,broker,valor_eur,efectivo_eur,posiciones,costes_acum_eur,rentabilidad_pct
2026-08-14,corto,trade_republic,40000.0,40000.0,0,0.0,0.0
2026-08-14,corto,etoro,39800.0,39800.0,0,200.0,-0.5
2026-08-14,medio,trade_republic,40000.0,40000.0,0,0.0,0.0
2026-08-14,medio,etoro,39800.0,39800.0,0,200.0,-0.5
2026-08-14,largo,trade_republic,40000.0,40000.0,0,0.0,0.0
2026-08-14,largo,etoro,39800.0,39800.0,0,200.0,-0.5
2026-08-14,combinada,trade_republic,40000.0,40000.0,0,0.0,0.0
2026-08-14,combinada,etoro,39800.0,39800.0,0,200.0,-0.5
2026-08-20,corto,trade_republic,39961.02,2641.68994140625,14,56.02000045776367,-0.097
2026-08-20,corto,etoro,39752.42,2625.610107421875,14,274.1700134277344,-0.619
2026-08-20,medio,trade_republic,39980.0,0.0,20,56.51,-0.05
2026-08-20,medio,etoro,39769.4,0.0,20,272.16,-0.576
2026-08-20,largo,trade_republic,39846.97,0.0,20,56.51,-0.383
2026-08-20,largo,etoro,39636.12,0.0,20,272.16,-0.91
2026-08-20,combinada,trade_republic,39846.97,0.0,20,55.81,-0.383
2026-08-20,combinada,etoro,39637.93,0.0,20,270.36,-0.905
2026-08-20,benchmark,benchmark,40000.0,0.0,1,1.0,0.0
2026-08-19,corto,trade_republic,40792.36,2641.69,14,56.02,1.981
2026-08-19,corto,etoro,40570.34,2625.61,14,274.17,1.426
2026-08-19,medio,trade_republic,41022.1,0.0,20,56.51,2.555
2026-08-19,medio,etoro,40799.15,0.0,20,272.16,1.998
2026-08-19,largo,trade_republic,41056.94,0.0,20,56.51,2.642
2026-08-19,largo,etoro,40834.32,0.0,20,272.16,2.086
2026-08-19,combinada,trade_republic,40837.31,0.0,20,55.81,2.093
2026-08-19,combinada,etoro,40617.12,0.0,20,270.36,1.543
2026-08-19,benchmark,benchmark,39597.44140625,0.0,1,1.0,-1.00600004196167
2026-08-28,corto,trade_republic,41224.51,10629.7,11,65.02,3.061
2026-08-28,corto,etoro,40998.09,10574.23,11,285.54,2.495
2026-08-28,medio,trade_republic,39929.35,1996.5,19,59.01,-0.177
2026-08-28,medio,etoro,39708.94,1986.71,19,275.45,-0.728
2026-08-28,largo,trade_republic,40624.39,1996.5,19,59.01,1.561
2026-08-28,largo,etoro,40398.75,1986.71,19,275.45,0.997
2026-08-28,combinada,trade_republic,40893.27,3993.0,18,60.81,2.233
2026-08-28,combinada,etoro,40666.25,3973.41,18,276.95,1.666
2026-08-28,benchmark,benchmark,39350.921875,0.0,1,1.0,-1.6230000257492063
2026-09-11,corto,trade_republic,38923.31,2778.969970703125,12,166.9199981689453,-2.692
2026-09-11,corto,etoro,38672.34,2747.64990234375,12,429.05999755859375,-3.319
2026-09-11,medio,trade_republic,41293.7,3982.87,18,61.5,3.234
2026-09-11,medio,etoro,41067.44,3962.53,18,278.24,2.669
2026-09-11,largo,trade_republic,43863.82,3997.55,18,61.51,9.66
2026-09-11,largo,etoro,43614.92,3977.13,18,278.25,9.037
2026-09-11,combinada,trade_republic,44306.06,5979.37,17,63.3,10.765
2026-09-11,combinada,etoro,44055.38,5949.24,17,279.74,10.138
2026-09-11,benchmark,benchmark,39278.9296875,0.0,1,1.0,-1.8029999732971191
2026-10-02,corto,trade_republic,41984.32,5098.2998046875,11,278.7200012207031,4.961
2026-10-02,corto,etoro,41747.63,10481.5,7,579.97998046875,4.369
2026-10-02,medio,trade_republic,44749.56,4909.8798828125,15,155.08999633789062,11.874
2026-10-02,medio,etoro,44487.53,11073.98046875,10,404.8999938964844,11.219
2026-10-02,largo,trade_republic,48378.46,3997.55,18,61.51,20.946
2026-10-02,largo,etoro,48103.43,3977.13,18,278.25,20.259
2026-10-02,combinada,trade_republic,48377.73,3901.260009765625,15,171.6300048828125,20.944
2026-10-02,combinada,etoro,48085.53,14453.73046875,7,415.0400085449219,20.214
2026-10-02,benchmark,benchmark,40760.69921875,0.0,1,1.0,1.9019999504089355
2026-10-05,corto,trade_republic,42622.58,6313.64990234375,11,403.94000244140625,6.556
2026-10-05,corto,etoro,42018.14,11390.48046875,7,753.1900024414062,5.045
2026-10-05,medio,trade_republic,45344.0,0.0,16,234.5399932861328,13.36
2026-10-05,medio,etoro,44922.8,6769.75,11,490.4200134277344,12.307
2026-10-05,largo,trade_republic,48815.04,16956.69921875,11,186.5399932861328,22.038
2026-10-05,largo,etoro,48466.01,16822.419921875,11,475.0799865722656,21.165
2026-10-05,combinada,trade_republic,49457.52,7461.509765625,14,362.82000732421875,23.644
2026-10-05,combinada,etoro,49005.61,13733.16015625,9,709.9299926757812,22.514
2026-10-05,benchmark,benchmark,41046.19140625,0.0,1,1.0,2.615000009536743
