fecha,escenario,broker,symbol,lado,importe_eur,coste_eur,motivo,precio,unidades
2026-08-17,corto,trade_republic,ASTY,compra,2666.67,1.0,,,
2026-08-17,corto,trade_republic,BXC,compra,2666.67,1.0,,,
2026-08-17,corto,trade_republic,AYA,compra,2666.67,1.0,,,
2026-08-17,corto,trade_republic,LOFF,compra,2666.67,1.0,,,
2026-08-17,corto,trade_republic,BWX,compra,2666.67,1.0,,,
2026-08-17,corto,trade_republic,GC=F,compra,2666.67,1.0,,,
2026-08-17,corto,trade_republic,PAXG/USD,compra,2666.67,1.0,,,
2026-08-17,corto,trade_republic,USDTRY=X,compra,2666.67,1.0,,,
2026-08-17,corto,trade_republic,^STOXX,compra,2666.67,1.0,,,
2026-08-17,corto,trade_republic,MATV,compra,2666.67,1.0,,,
2026-08-17,corto,trade_republic,LIFE,compra,2666.67,1.0,,,
2026-08-17,corto,trade_republic,APPS,compra,2666.67,1.0,,,
2026-08-17,corto,trade_republic,RCEL,compra,2666.67,1.0,,,
2026-08-17,corto,trade_republic,SNOU,compra,2666.67,1.0,,,
2026-08-17,corto,trade_republic,HNST,compra,2666.62,1.0,,,
2026-08-17,corto,etoro,ASTY,compra,2653.33,0.0,,,
2026-08-17,corto,etoro,BXC,compra,2653.33,1.8,,,
2026-08-17,corto,etoro,AYA,compra,2653.33,1.8,,,
2026-08-17,corto,etoro,LOFF,compra,2653.33,0.0,,,
2026-08-17,corto,etoro,BWX,compra,2653.33,1.8,,,
2026-08-17,corto,etoro,GC=F,compra,2653.33,1.8,,,
2026-08-17,corto,etoro,PAXG/USD,compra,2653.33,1.8,,,
2026-08-17,corto,etoro,USDTRY=X,compra,2653.33,1.8,,,
2026-08-17,corto,etoro,^STOXX,compra,2653.33,1.8,,,
2026-08-17,corto,etoro,MATV,compra,2653.33,1.8,,,
2026-08-17,corto,etoro,LIFE,compra,2653.33,1.8,,,
2026-08-17,corto,etoro,APPS,compra,2653.33,1.8,,,
2026-08-17,corto,etoro,RCEL,compra,2653.33,1.8,,,
2026-08-17,corto,etoro,SNOU,compra,2653.33,0.0,,,
2026-08-17,corto,etoro,HNST,compra,2653.33,1.8,,,
2026-08-17,medio,trade_republic,ALOT,compra,2000.0,1.0,,,
2026-08-17,medio,trade_republic,PLSE,compra,2000.0,1.0,,,
2026-08-17,medio,trade_republic,BWET,compra,2000.0,1.0,,,
2026-08-17,medio,trade_republic,ANGL,compra,2000.0,1.0,,,
2026-08-17,medio,trade_republic,USDCHF=X,compra,2000.0,1.0,,,
2026-08-17,medio,trade_republic,SB=F,compra,2000.0,1.0,,,
2026-08-17,medio,trade_republic,HYPE/USD,compra,2000.0,1.0,,,
2026-08-17,medio,trade_republic,^IBEX,compra,2000.0,1.0,,,
2026-08-17,medio,trade_republic,CBRL,compra,2000.0,1.0,,,
2026-08-17,medio,trade_republic,ORKA,compra,2000.0,1.0,,,
2026-08-17,medio,trade_republic,TXG,compra,2000.0,1.0,,,
2026-08-17,medio,trade_republic,COAG,compra,2000.0,1.0,,,
2026-08-17,medio,trade_republic,SNOY,compra,2000.0,1.0,,,
2026-08-17,medio,trade_republic,BFLY,compra,2000.0,1.0,,,
2026-08-17,medio,trade_republic,CDNA,compra,2000.0,1.0,,,
2026-08-17,medio,trade_republic,CLYM,compra,2000.0,1.0,,,
2026-08-17,medio,trade_republic,NTAP,compra,2000.0,1.0,,,
2026-08-17,medio,trade_republic,CRWL,compra,2000.0,1.0,,,
2026-08-17,medio,trade_republic,RRGB,compra,2000.0,1.0,,,
2026-08-17,medio,trade_republic,PAYS,compra,2000.0,1.0,,,
2026-08-17,medio,etoro,ALOT,compra,1990.0,1.8,,,
2026-08-17,medio,etoro,PLSE,compra,1990.0,1.8,,,
2026-08-17,medio,etoro,BWET,compra,1990.0,0.0,,,
2026-08-17,medio,etoro,ANGL,compra,1990.0,1.8,,,
2026-08-17,medio,etoro,USDCHF=X,compra,1990.0,1.8,,,
2026-08-17,medio,etoro,SB=F,compra,1990.0,1.8,,,
2026-08-17,medio,etoro,HYPE/USD,compra,1990.0,1.8,,,
2026-08-17,medio,etoro,^IBEX,compra,1990.0,1.8,,,
2026-08-17,medio,etoro,CBRL,compra,1990.0,1.8,,,
2026-08-17,medio,etoro,ORKA,compra,1990.0,1.8,,,
2026-08-17,medio,etoro,TXG,compra,1990.0,1.8,,,
2026-08-17,medio,etoro,COAG,compra,1990.0,1.8,,,
2026-08-17,medio,etoro,SNOY,compra,1990.0,0.0,,,
2026-08-17,medio,etoro,BFLY,compra,1990.0,1.8,,,
2026-08-17,medio,etoro,CDNA,compra,1990.0,1.8,,,
2026-08-17,medio,etoro,CLYM,compra,1990.0,1.8,,,
2026-08-17,medio,etoro,NTAP,compra,1990.0,1.8,,,
2026-08-17,medio,etoro,CRWL,compra,1990.0,0.0,,,
2026-08-17,medio,etoro,RRGB,compra,1990.0,1.8,,,
2026-08-17,medio,etoro,PAYS,compra,1990.0,1.8,,,
2026-08-17,largo,trade_republic,ATEX,compra,2000.0,1.0,,,
2026-08-17,largo,trade_republic,SYRE,compra,2000.0,1.0,,,
2026-08-17,largo,trade_republic,BWET,compra,2000.0,1.0,,,
2026-08-17,largo,trade_republic,ZEC/USD,compra,2000.0,1.0,,,
2026-08-17,largo,trade_republic,^N225,compra,2000.0,1.0,,,
2026-08-17,largo,trade_republic,BIL,compra,2000.0,1.0,,,
2026-08-17,largo,trade_republic,USO,compra,2000.0,1.0,,,
2026-08-17,largo,trade_republic,USDJPY=X,compra,2000.0,1.0,,,
2026-08-17,largo,trade_republic,DNTH,compra,2000.0,1.0,,,
2026-08-17,largo,trade_republic,RVMD,compra,2000.0,1.0,,,
2026-08-17,largo,trade_republic,NESR,compra,2000.0,1.0,,,
2026-08-17,largo,trade_republic,CDNA,compra,2000.0,1.0,,,
2026-08-17,largo,trade_republic,DLLL,compra,2000.0,1.0,,,
2026-08-17,largo,trade_republic,CHPS,compra,2000.0,1.0,,,
2026-08-17,largo,trade_republic,DFTX,compra,2000.0,1.0,,,
2026-08-17,largo,trade_republic,TXG,compra,2000.0,1.0,,,
2026-08-17,largo,trade_republic,ORKA,compra,2000.0,1.0,,,
2026-08-17,largo,trade_republic,APGE,compra,2000.0,1.0,,,
2026-08-17,largo,trade_republic,SPHR,compra,2000.0,1.0,,,
2026-08-17,largo,trade_republic,TWST,compra,2000.0,1.0,,,
2026-08-17,largo,etoro,ATEX,compra,1990.0,1.8,,,
2026-08-17,largo,etoro,SYRE,compra,1990.0,1.8,,,
2026-08-17,largo,etoro,BWET,compra,1990.0,0.0,,,
2026-08-17,largo,etoro,ZEC/USD,compra,1990.0,1.8,,,
2026-08-17,largo,etoro,^N225,compra,1990.0,1.8,,,
2026-08-17,largo,etoro,BIL,compra,1990.0,1.8,,,
2026-08-17,largo,etoro,USO,compra,1990.0,1.8,,,
2026-08-17,largo,etoro,USDJPY=X,compra,1990.0,1.8,,,
2026-08-17,largo,etoro,DNTH,compra,1990.0,1.8,,,
2026-08-17,largo,etoro,RVMD,compra,1990.0,1.8,,,
2026-08-17,largo,etoro,NESR,compra,1990.0,1.8,,,
2026-08-17,largo,etoro,CDNA,compra,1990.0,1.8,,,
2026-08-17,largo,etoro,DLLL,compra,1990.0,0.0,,,
2026-08-17,largo,etoro,CHPS,compra,1990.0,0.0,,,
2026-08-17,largo,etoro,DFTX,compra,1990.0,1.8,,,
2026-08-17,largo,etoro,TXG,compra,1990.0,1.8,,,
2026-08-17,largo,etoro,ORKA,compra,1990.0,1.8,,,
2026-08-17,largo,etoro,APGE,compra,1990.0,1.8,,,
2026-08-17,largo,etoro,SPHR,compra,1990.0,1.8,,,
2026-08-17,largo,etoro,TWST,compra,1990.0,1.8,,,
2026-08-17,combinada,trade_republic,ATEX,compra,2000.0,1.0,,,
2026-08-17,combinada,trade_republic,SYRE,compra,2000.0,1.0,,,
2026-08-17,combinada,trade_republic,BWET,compra,2000.0,1.0,,,
2026-08-17,combinada,trade_republic,ZEC/USD,compra,2000.0,1.0,,,
2026-08-17,combinada,trade_republic,^N225,compra,2000.0,1.0,,,
2026-08-17,combinada,trade_republic,BIL,compra,2000.0,1.0,,,
2026-08-17,combinada,trade_republic,USO,compra,2000.0,1.0,,,
2026-08-17,combinada,trade_republic,USDJPY=X,compra,2000.0,1.0,,,
2026-08-17,combinada,trade_republic,DNTH,compra,2000.0,1.0,,,
2026-08-17,combinada,trade_republic,RVMD,compra,2000.0,1.0,,,
2026-08-17,combinada,trade_republic,NESR,compra,2000.0,1.0,,,
2026-08-17,combinada,trade_republic,CDNA,compra,2000.0,1.0,,,
2026-08-17,combinada,trade_republic,DLLL,compra,2000.0,1.0,,,
2026-08-17,combinada,trade_republic,CHPS,compra,2000.0,1.0,,,
2026-08-17,combinada,trade_republic,DFTX,compra,2000.0,1.0,,,
2026-08-17,combinada,trade_republic,TXG,compra,2000.0,1.0,,,
2026-08-17,combinada,trade_republic,ASTY,compra,2000.0,1.0,,,
2026-08-17,combinada,trade_republic,BXC,compra,2000.0,1.0,,,
2026-08-17,combinada,trade_republic,AYA,compra,2000.0,1.0,,,
2026-08-17,combinada,trade_republic,ALOT,compra,2000.0,1.0,,,
2026-08-17,combinada,etoro,ATEX,compra,1990.0,1.8,,,
2026-08-17,combinada,etoro,SYRE,compra,1990.0,1.8,,,
2026-08-17,combinada,etoro,BWET,compra,1990.0,0.0,,,
2026-08-17,combinada,etoro,ZEC/USD,compra,1990.0,1.8,,,
2026-08-17,combinada,etoro,^N225,compra,1990.0,1.8,,,
2026-08-17,combinada,etoro,BIL,compra,1990.0,1.8,,,
2026-08-17,combinada,etoro,USO,compra,1990.0,1.8,,,
2026-08-17,combinada,etoro,USDJPY=X,compra,1990.0,1.8,,,
2026-08-17,combinada,etoro,DNTH,compra,1990.0,1.8,,,
2026-08-17,combinada,etoro,RVMD,compra,1990.0,1.8,,,
2026-08-17,combinada,etoro,NESR,compra,1990.0,1.8,,,
2026-08-17,combinada,etoro,CDNA,compra,1990.0,1.8,,,
2026-08-17,combinada,etoro,DLLL,compra,1990.0,0.0,,,
2026-08-17,combinada,etoro,CHPS,compra,1990.0,0.0,,,
2026-08-17,combinada,etoro,DFTX,compra,1990.0,1.8,,,
2026-08-17,combinada,etoro,TXG,compra,1990.0,1.8,,,
2026-08-17,combinada,etoro,ASTY,compra,1990.0,0.0,,,
2026-08-17,combinada,etoro,BXC,compra,1990.0,1.8,,,
2026-08-17,combinada,etoro,AYA,compra,1990.0,1.8,,,
2026-08-17,combinada,etoro,ALOT,compra,1990.0,1.8,,,
2026-08-20,corto,trade_republic,USDTRY=X,venta,2642.68994140625,1.0,,,
2026-08-20,corto,etoro,USDTRY=X,venta,2627.360107421875,1.8,,,
2026-08-28,corto,trade_republic,ASTY,venta,2662.6707475000003,2.9992525,sin precio: activo retirado del universo,,377.0167846679688
2026-08-28,corto,trade_republic,LOFF,venta,2662.6707475000003,2.9992525,sin precio: activo retirado del universo,,204.37356567382807
2026-08-28,corto,trade_republic,SNOU,venta,2662.6707475000003,2.9992525,sin precio: activo retirado del universo,,47.56319046020508
2026-08-28,corto,etoro,ASTY,venta,2649.5400025,3.7899975,sin precio: activo retirado del universo,,375.2339782714844
2026-08-28,corto,etoro,LOFF,venta,2649.5400025,3.7899975,sin precio: activo retirado del universo,,203.4071502685547
2026-08-28,corto,etoro,SNOU,venta,2649.5400025,3.7899975,sin precio: activo retirado del universo,,47.33827972412109
2026-08-28,medio,trade_republic,CRWL,venta,1996.50075,2.49925,sin precio: activo retirado del universo,,29.66909408569336
2026-08-28,medio,etoro,CRWL,venta,1986.7075,3.2925,sin precio: activo retirado del universo,,29.53256225585937
2026-08-28,largo,trade_republic,DLLL,venta,1996.50075,2.49925,sin precio: activo retirado del universo,,77.34801483154297
2026-08-28,largo,etoro,DLLL,venta,1986.7075,3.2925,sin precio: activo retirado del universo,,76.99208068847656
2026-08-28,combinada,trade_republic,DLLL,venta,1996.50075,2.49925,sin precio: activo retirado del universo,,77.34801483154297
2026-08-28,combinada,trade_republic,ASTY,venta,1996.50075,2.49925,sin precio: activo retirado del universo,,282.72686767578125
2026-08-28,combinada,etoro,DLLL,venta,1986.7075,3.2925,sin precio: activo retirado del universo,,76.99208068847656
2026-08-28,combinada,etoro,ASTY,venta,1986.7075,3.2925,sin precio: activo retirado del universo,,281.4258117675781
2026-08-31,corto,trade_republic,BXC,venta,2466.02001953125,1.0,,,
2026-08-31,corto,trade_republic,AYA,venta,2826.919921875,1.0,,,
2026-08-31,corto,trade_republic,BWX,venta,2646.3798828125,1.0,,,
2026-08-31,corto,trade_republic,PAXG/USD,venta,2689.449951171875,1.0,,,
2026-08-31,corto,trade_republic,^STOXX,venta,2641.080078125,1.0,,,
2026-08-31,corto,trade_republic,MATV,venta,2656.030029296875,1.0,,,
2026-08-31,corto,trade_republic,LIFE,venta,3018.330078125,1.0,,,
2026-08-31,corto,trade_republic,APPS,venta,2351.840087890625,1.0,,,
2026-08-31,corto,trade_republic,RCEL,venta,3447.9599609375,1.0,,,
2026-08-31,corto,trade_republic,HNST,venta,3083.699951171875,1.0,,,
2026-08-31,corto,trade_republic,GLNK,compra,5556.07,1.0,,,
2026-08-31,corto,trade_republic,MRVI,compra,3073.99,1.0,,,
2026-08-31,corto,trade_republic,PRPO,compra,2856.81,1.0,,,
2026-08-31,corto,trade_republic,PUMP/USD,compra,5556.07,1.0,,,
2026-08-31,corto,trade_republic,AMLX,compra,3062.36,1.0,,,
2026-08-31,corto,trade_republic,HTFL,compra,3018.3,1.0,,,
2026-08-31,corto,trade_republic,TEM,compra,2637.12,1.0,,,
2026-08-31,corto,trade_republic,XNCR,compra,2396.34,1.0,,,
2026-08-31,corto,trade_republic,FDMT,compra,2843.09,1.0,,,
2026-08-31,corto,trade_republic,AUGO,compra,2525.73,1.0,,,
2026-08-31,corto,trade_republic,ODTX,compra,2142.57,1.0,,,
2026-08-31,corto,etoro,BXC,venta,2454.169921875,1.8,,,
2026-08-31,corto,etoro,AYA,venta,2813.330078125,1.8,,,
2026-08-31,corto,etoro,BWX,venta,2631.550048828125,1.8,,,
2026-08-31,corto,etoro,PAXG/USD,venta,2651.219970703125,1.8,,,
2026-08-31,corto,etoro,^STOXX,venta,2625.760009765625,1.8,,,
2026-08-31,corto,etoro,MATV,venta,2643.260009765625,1.8,,,
2026-08-31,corto,etoro,LIFE,venta,3003.820068359375,1.8,,,
2026-08-31,corto,etoro,APPS,venta,2340.530029296875,1.8,,,
2026-08-31,corto,etoro,RCEL,venta,3431.389892578125,1.8,,,
2026-08-31,corto,etoro,HNST,venta,3068.93994140625,1.8,,,
2026-08-31,corto,etoro,GLNK,compra,5525.55,0.0,,,
2026-08-31,corto,etoro,MRVI,compra,3057.11,1.8,,,
2026-08-31,corto,etoro,PRPO,compra,2841.12,1.8,,,
2026-08-31,corto,etoro,PUMP/USD,compra,5525.55,1.8,,,
2026-08-31,corto,etoro,AMLX,compra,3045.54,1.8,,,
2026-08-31,corto,etoro,HTFL,compra,3001.72,1.8,,,
2026-08-31,corto,etoro,TEM,compra,2622.63,1.8,,,
2026-08-31,corto,etoro,XNCR,compra,2383.18,1.8,,,
2026-08-31,corto,etoro,FDMT,compra,2827.47,1.8,,,
2026-08-31,corto,etoro,AUGO,compra,2511.86,1.8,,,
2026-08-31,corto,etoro,ODTX,compra,2130.81,1.8,,,
2026-09-11,medio,trade_republic,ALOT,venta,1986.3730091672817,2.4916484932453957,sin precio: activo retirado del universo,28.989999771118164,79.96875762939453
2026-09-11,medio,etoro,ALOT,venta,1975.8244579795328,2.789306882430982,sin precio: activo retirado del universo,28.989999771118164,79.55658721923828
2026-09-11,largo,trade_republic,APGE,venta,2001.0445721993308,2.502660424467849,sin precio: activo retirado del universo,135.07000732421875,17.18499183654785
2026-09-11,largo,etoro,APGE,venta,1990.42388347452,2.7966102468606904,sin precio: activo retirado del universo,135.07000732421875,17.096416473388672
2026-09-11,combinada,trade_republic,ALOT,venta,1986.3730091672817,2.4916484932453957,sin precio: activo retirado del universo,28.989999771118164,79.96875762939453
2026-09-11,combinada,etoro,ALOT,venta,1975.8244579795328,2.789306882430982,sin precio: activo retirado del universo,28.989999771118164,79.55658721923828
2026-09-14,corto,trade_republic,GC=F,venta,2643.7900390625,1.0,,,
2026-09-14,corto,trade_republic,GLNK,venta,5587.1201171875,1.0,,,
2026-09-14,corto,trade_republic,MRVI,venta,2597.659912109375,1.0,,,
2026-09-14,corto,trade_republic,PRPO,venta,2687.2900390625,1.0,,,
2026-09-14,corto,trade_republic,PUMP/USD,venta,4278.7900390625,1.0,,,
2026-09-14,corto,trade_republic,AMLX,venta,2797.97998046875,1.0,,,
2026-09-14,corto,trade_republic,HTFL,venta,3125.81005859375,1.0,,,
2026-09-14,corto,trade_republic,TEM,venta,2435.2900390625,1.0,,,
2026-09-14,corto,trade_republic,XNCR,venta,2272.110107421875,1.0,,,
2026-09-14,corto,trade_republic,FDMT,venta,2670.2099609375,1.0,,,
2026-09-14,corto,trade_republic,AUGO,venta,2528.340087890625,1.0,,,
2026-09-14,corto,trade_republic,ODTX,venta,2169.070068359375,1.0,,,
2026-09-14,corto,trade_republic,HOOW,compra,5461.18,1.0,,,
2026-09-14,corto,trade_republic,CHPT,compra,4353.46,1.0,,,
2026-09-14,corto,trade_republic,DFDV,compra,5002.05,1.0,,,
2026-09-14,corto,trade_republic,UNI/USD,compra,5461.18,1.0,,,
2026-09-14,corto,trade_republic,DBK.DE,compra,1365.3,1.0,,,
2026-09-14,corto,trade_republic,VEGI,compra,1377.54,1.0,,,
2026-09-14,corto,trade_republic,BLSM,compra,3020.0,1.0,,,
2026-09-14,corto,trade_republic,GPRK,compra,2308.31,1.0,,,
2026-09-14,corto,trade_republic,UGP,compra,1365.3,1.0,,,
2026-09-14,corto,trade_republic,SID,compra,2382.51,1.0,,,
2026-09-14,corto,trade_republic,CERY,compra,1365.3,1.0,,,
2026-09-14,corto,etoro,GC=F,venta,2628.449951171875,1.8,,,
2026-09-14,corto,etoro,GLNK,venta,5556.31982421875,0.0,,,
2026-09-14,corto,etoro,MRVI,venta,2584.010009765625,1.8,,,
2026-09-14,corto,etoro,PRPO,venta,2673.110107421875,1.8,,,
2026-09-14,corto,etoro,PUMP/USD,venta,4216.5498046875,1.8,,,
2026-09-14,corto,etoro,AMLX,venta,2783.27001953125,1.8,,,
2026-09-14,corto,etoro,HTFL,venta,3109.360107421875,1.8,,,
2026-09-14,corto,etoro,TEM,venta,2422.3701171875,1.8,,,
2026-09-14,corto,etoro,XNCR,venta,2260.0,1.8,,,
2026-09-14,corto,etoro,FDMT,venta,2656.1201171875,1.8,,,
2026-09-14,corto,etoro,AUGO,venta,2514.909912109375,1.8,,,
2026-09-14,corto,etoro,ODTX,venta,2157.429931640625,1.8,,,
2026-09-14,corto,etoro,HOOW,compra,5425.97,0.0,,,
2026-09-14,corto,etoro,CHPT,compra,4325.39,1.8,,,
2026-09-14,corto,etoro,DFDV,compra,4969.8,1.8,,,
2026-09-14,corto,etoro,UNI/USD,compra,5425.97,1.8,,,
2026-09-14,corto,etoro,BLSM,compra,3000.53,1.8,,,
2026-09-14,corto,etoro,GPRK,compra,2293.42,1.8,,,
2026-09-14,corto,etoro,SID,compra,2367.15,1.8,,,
2026-09-14,medio,trade_republic,ANGL,venta,1944.97998046875,1.0,,,
2026-09-14,medio,trade_republic,USDCHF=X,venta,2003.300048828125,1.0,,,
2026-09-14,medio,trade_republic,SB=F,venta,2193.610107421875,1.0,,,
2026-09-14,medio,trade_republic,HYPE/USD,venta,2674.6298828125,1.0,,,
2026-09-14,medio,trade_republic,^IBEX,venta,1955.800048828125,1.0,,,
2026-09-14,medio,trade_republic,CBRL,venta,1723.52001953125,1.0,,,
2026-09-14,medio,trade_republic,ORKA,venta,1673.300048828125,1.0,,,
2026-09-14,medio,trade_republic,COAG,venta,1433.1300048828125,1.0,,,
2026-09-14,medio,trade_republic,SNOY,venta,1862.3900146484375,1.0,,,
2026-09-14,medio,trade_republic,BFLY,venta,1658.93994140625,1.0,,,
2026-09-14,medio,trade_republic,CLYM,venta,1776.75,1.0,,,
2026-09-14,medio,trade_republic,NTAP,venta,1864.2099609375,1.0,,,
2026-09-14,medio,trade_republic,RRGB,venta,1528.81005859375,1.0,,,
2026-09-14,medio,trade_republic,PAYS,venta,1994.0899658203125,1.0,,,
2026-09-14,medio,trade_republic,CRAK,compra,1181.25,1.0,,,
2026-09-14,medio,trade_republic,BUUU,compra,3871.25,1.0,,,
2026-09-14,medio,trade_republic,ZEC/USD,compra,4724.99,1.0,,,
2026-09-14,medio,trade_republic,ABN.AS,compra,1181.25,1.0,,,
2026-09-14,medio,trade_republic,MGRT,compra,4724.99,1.0,,,
2026-09-14,medio,trade_republic,MPC,compra,1181.25,1.0,,,
2026-09-14,medio,trade_republic,HZO,compra,1889.41,1.0,,,
2026-09-14,medio,trade_republic,RNG,compra,2039.02,1.0,,,
2026-09-14,medio,trade_republic,SMTI,compra,1846.19,1.0,,,
2026-09-14,medio,trade_republic,LFST,compra,1525.61,1.0,,,
2026-09-14,medio,trade_republic,HGER,compra,1181.25,1.0,,,
2026-09-14,medio,etoro,ANGL,venta,1933.8900146484375,1.8,,,
2026-09-14,medio,etoro,USDCHF=X,venta,1991.47998046875,1.8,,,
2026-09-14,medio,etoro,SB=F,venta,2180.669921875,1.8,,,
2026-09-14,medio,etoro,HYPE/USD,venta,2636.340087890625,1.8,,,
2026-09-14,medio,etoro,^IBEX,venta,1944.260009765625,1.8,,,
2026-09-14,medio,etoro,CBRL,venta,1715.0699462890625,1.8,,,
2026-09-14,medio,etoro,ORKA,venta,1665.0999755859375,1.8,,,
2026-09-14,medio,etoro,COAG,venta,1426.0999755859375,1.8,,,
2026-09-14,medio,etoro,SNOY,venta,1853.6300048828125,0.0,,,
2026-09-14,medio,etoro,BFLY,venta,1650.81005859375,1.8,,,
2026-09-14,medio,etoro,CLYM,venta,1768.0400390625,1.8,,,
2026-09-14,medio,etoro,NTAP,venta,1855.06005859375,1.8,,,
2026-09-14,medio,etoro,RRGB,venta,1521.31005859375,1.8,,,
2026-09-14,medio,etoro,PAYS,venta,1984.31005859375,1.8,,,
2026-09-14,medio,etoro,BUUU,compra,3850.04,1.8,,,
2026-09-14,medio,etoro,ZEC/USD,compra,4699.1,1.8,,,
2026-09-14,medio,etoro,MGRT,compra,4699.1,1.8,,,
2026-09-14,medio,etoro,HZO,compra,1879.06,1.8,,,
2026-09-14,medio,etoro,RNG,compra,2027.85,1.8,,,
2026-09-14,medio,etoro,SMTI,compra,1836.07,1.8,,,
2026-09-14,combinada,trade_republic,ATEX,venta,1762.8499755859375,1.0,,,
2026-09-14,combinada,trade_republic,SYRE,venta,1746.1500244140625,1.0,,,
2026-09-14,combinada,trade_republic,BWET,venta,4018.840087890625,1.0,,,
2026-09-14,combinada,trade_republic,^N225,venta,1840.5699462890625,1.0,,,
2026-09-14,combinada,trade_republic,USO,venta,2494.419921875,1.0,,,
2026-09-14,combinada,trade_republic,USDJPY=X,venta,1921.0999755859375,1.0,,,
2026-09-14,combinada,trade_republic,DNTH,venta,1872.300048828125,1.0,,,
2026-09-14,combinada,trade_republic,RVMD,venta,1987.47998046875,1.0,,,
2026-09-14,combinada,trade_republic,NESR,venta,1792.219970703125,1.0,,,
2026-09-14,combinada,trade_republic,CDNA,venta,2219.6201171875,1.0,,,
2026-09-14,combinada,trade_republic,CHPS,venta,1823.199951171875,1.0,,,
2026-09-14,combinada,trade_republic,DFTX,venta,2055.360107421875,1.0,,,
2026-09-14,combinada,trade_republic,TXG,venta,2396.510009765625,1.0,,,
2026-09-14,combinada,trade_republic,BXC,venta,1816.1400146484375,1.0,,,
2026-09-14,combinada,trade_republic,AYA,venta,2042.3800048828125,1.0,,,
2026-09-14,combinada,trade_republic,HOOW,compra,3423.07,1.0,,,
2026-09-14,combinada,trade_republic,CHPT,compra,1774.66,1.0,,,
2026-09-14,combinada,trade_republic,DFDV,compra,2375.99,1.0,,,
2026-09-14,combinada,trade_republic,UNI/USD,compra,5054.48,1.0,,,
2026-09-14,combinada,trade_republic,DBK.DE,compra,1263.62,1.0,,,
2026-09-14,combinada,trade_republic,VEGI,compra,1263.62,1.0,,,
2026-09-14,combinada,trade_republic,BLSM,compra,1263.62,1.0,,,
2026-09-14,combinada,trade_republic,GPRK,compra,1263.62,1.0,,,
2026-09-14,combinada,trade_republic,CRAK,compra,1263.62,1.0,,,
2026-09-14,combinada,trade_republic,BUUU,compra,4268.77,1.0,,,
2026-09-14,combinada,trade_republic,ZEC/USD,compra,3055.48,1.0,,,
2026-09-14,combinada,trade_republic,ABN.AS,compra,1263.62,1.0,,,
2026-09-14,combinada,trade_republic,MGRT,compra,5054.48,1.0,,,
2026-09-14,combinada,trade_republic,MPC,compra,1263.62,1.0,,,
2026-09-14,combinada,etoro,ATEX,venta,1754.199951171875,1.8,,,
2026-09-14,combinada,etoro,SYRE,venta,1737.5899658203125,1.8,,,
2026-09-14,combinada,etoro,BWET,venta,3999.949951171875,0.0,,,
2026-09-14,combinada,etoro,^N225,venta,1829.7099609375,1.8,,,
2026-09-14,combinada,etoro,USO,venta,2479.7099609375,1.8,,,
2026-09-14,combinada,etoro,USDJPY=X,venta,1909.77001953125,1.8,,,
2026-09-14,combinada,etoro,DNTH,venta,1863.1199951171875,1.8,,,
2026-09-14,combinada,etoro,RVMD,venta,1977.72998046875,1.8,,,
2026-09-14,combinada,etoro,NESR,venta,1783.4300537109375,1.8,,,
2026-09-14,combinada,etoro,CDNA,venta,2208.739990234375,1.8,,,
2026-09-14,combinada,etoro,CHPS,venta,1814.6300048828125,0.0,,,
2026-09-14,combinada,etoro,DFTX,venta,2045.280029296875,1.8,,,
2026-09-14,combinada,etoro,TXG,venta,2384.75,1.8,,,
2026-09-14,combinada,etoro,BXC,venta,1807.22998046875,1.8,,,
2026-09-14,combinada,etoro,AYA,venta,2032.3599853515625,1.8,,,
2026-09-14,combinada,etoro,HOOW,compra,3403.7,0.0,,,
2026-09-14,combinada,etoro,DFDV,compra,2362.55,1.8,,,
2026-09-14,combinada,etoro,UNI/USD,compra,5025.88,1.8,,,
2026-09-14,combinada,etoro,BUUU,compra,4244.61,1.8,,,
2026-09-14,combinada,etoro,ZEC/USD,compra,3037.68,1.8,,,
2026-09-14,combinada,etoro,MGRT,compra,5025.88,1.8,,,
